resume_text,category
"Mechanical Engineer with 7 years of experience. Designed mechanical components and validated them using simulation tools. Key skills include product design, quality control, project planning, manufacturing processes, cad modeling, autocad, solidworks. Familiar with tools such as ms project, autocad, ansys. Education, Bachelor of Engineering.",Mechanical Engineering
"Design Engineer with 5 years of experience. Worked on the production floor to improve process efficiency and reduce waste. Key skills include quality control, product design, thermodynamics, autocad, root cause analysis, manufacturing processes, cad modeling. Familiar with tools such as ansys, solidworks. Education, Bachelor of Engineering.",Mechanical Engineering
"Mechanical Engineer with 3 years of experience. Prepared detailed technical drawings for manufacturing teams. Key skills include thermodynamics, manufacturing processes, solidworks, six sigma, quality control, product design, autocad. Familiar with tools such as solidworks, ms project, ansys, autocad. Education, Master of Business Administration.",Mechanical Engineering
"Backend Developer with 5 years of experience. Developed and maintained scalable web applications for enterprise clients. Key skills include javascript, rest api, system design, java, microservices, data structures, react. Familiar with tools such as aws, jenkins, postman. Education, Diploma in relevant discipline.",Software Development
"UI UX Designer with 4 years of experience. Designed clean and responsive websites focused on good user experience. Key skills include css, responsive design, javascript, photoshop, figma, ux research. Familiar with tools such as adobe xd, figma. Education, Diploma in relevant discipline.",Web Designing
"Backend Developer with 3 years of experience. Developed and maintained scalable web applications for enterprise clients. Key skills include object oriented programming, microservices, javascript, node js, algorithms. Familiar with tools such as docker, aws, git, jenkins. Education, Bachelor of Science, graduated with distinction.",Software Development
"Production Engineer with 6 years of experience. Designed mechanical components and validated them using simulation tools. Key skills include quality control, cad modeling, thermodynamics, root cause analysis, manufacturing processes, product design. Familiar with tools such as ms project, ansys. Education, Diploma in relevant discipline.",Mechanical Engineering
"HR Executive with 8 years of experience. Coordinated with department heads to plan hiring and workforce needs. Key skills include recruitment, employee engagement, employee relations, labor law, payroll, hr policies, talent acquisition, performance management. Familiar with tools such as workday, linkedin recruiter. Education, Bachelor of Engineering.",Human Resources
"HR Generalist with 1 years of experience. Managed end to end recruitment cycles for multiple departments. Key skills include talent acquisition, conflict resolution, labor law, recruitment, hr policies, performance management, onboarding, employee relations. Familiar with tools such as workday, linkedin recruiter, sap successfactors. Education, Bachelor of Science, graduated with distinction.",Human Resources
"Backend Developer with 3 years of experience. Built REST APIs and integrated them with front end applications. Key skills include microservices, python, node js, java, data structures, object oriented programming, system design. Familiar with tools such as git, jenkins, aws, postman. Education, Master of Business Administration.",Software Development
"Talent Acquisition Specialist with 5 years of experience. Handled employee onboarding, engagement activities and grievance redressal. Key skills include conflict resolution, employee relations, labor law, talent acquisition, employee engagement, hr policies. Familiar with tools such as sap successfactors, workday, excel. Education, Diploma in relevant discipline.",Human Resources
"Web Designer with 1 years of experience. Worked closely with developers to turn design mockups into working pages. Key skills include react, figma, bootstrap, adobe xd, ux research, wireframing. Familiar with tools such as figma, adobe xd. Education, Bachelor of Science, graduated with distinction.",Web Designing
"Backend Developer with 2 years of experience. Built REST APIs and integrated them with front end applications. Key skills include c++, react, python, microservices, rest api. Familiar with tools such as git, aws, docker, jenkins. Education, Bachelor of Engineering.",Software Development
"Design Engineer with 6 years of experience. Designed mechanical components and validated them using simulation tools. Key skills include thermodynamics, autocad, root cause analysis, manufacturing processes, quality control, six sigma, solidworks, cad modeling. Familiar with tools such as solidworks, autocad. Education, Bachelor of Engineering.",Mechanical Engineering
"Data Analyst Intern with 6 years of experience. Worked on classification and regression problems for real world applications. Key skills include pytorch, scikit learn, sql, deep learning, machine learning. Familiar with tools such as power bi, docker. Education, Diploma in relevant discipline.",Data Science
"Production Engineer with 3 years of experience. Designed mechanical components and validated them using simulation tools. Key skills include thermodynamics, project planning, root cause analysis, cad modeling, six sigma. Familiar with tools such as solidworks, ms project. Education, Bachelor of Engineering.",Mechanical Engineering
"Business Development Associate with 6 years of experience. Managed a portfolio of key accounts and handled contract renewals. Key skills include crm, sales forecasting, market research, cold calling, client relationship management, customer retention. Familiar with tools such as excel, hubspot, salesforce. Education, Diploma in relevant discipline.",Sales
"Talent Acquisition Specialist with 4 years of experience. Managed end to end recruitment cycles for multiple departments. Key skills include performance management, talent acquisition, conflict resolution, employee engagement, payroll. Familiar with tools such as sap successfactors, linkedin recruiter. Education, Master of Business Administration.",Human Resources
"Front End Developer with 8 years of experience. Created wireframes and prototypes before moving into visual design. Key skills include ux research, react, javascript, css, photoshop, ui design, bootstrap, html. Familiar with tools such as figma, adobe xd. Education, Bachelor of Engineering.",Web Designing
"Sales Executive with 2 years of experience. Generated new business leads and converted them into long term clients. Key skills include b2b sales, client relationship management, negotiation, lead generation, target achievement. Familiar with tools such as hubspot, salesforce. Education, Master of Business Administration.",Sales
"Design Engineer with 6 years of experience. Worked on the production floor to improve process efficiency and reduce waste. Key skills include root cause analysis, quality control, six sigma, project planning, thermodynamics, product design. Familiar with tools such as solidworks, autocad, ansys, ms project. Education, Bachelor of Engineering.",Mechanical Engineering
"Data Scientist with 5 years of experience. Experienced in cleaning large datasets and turning them into useful insights. Key skills include sql, feature engineering, deep learning, pandas, scikit learn. Familiar with tools such as tableau, git. Education, Bachelor of Science, graduated with distinction.",Data Science
"Backend Developer with 1 years of experience. Wrote clean and testable code while collaborating with cross functional teams. Key skills include python, javascript, rest api, microservices, object oriented programming, java, c++. Familiar with tools such as docker, jenkins. Education, Bachelor of Technology in relevant field.",Software Development
"Account Manager with 7 years of experience. Managed a portfolio of key accounts and handled contract renewals. Key skills include b2b sales, sales forecasting, crm, target achievement, lead generation. Familiar with tools such as salesforce, zoho crm, excel. Education, Master of Business Administration.",Sales
"Production Engineer with 6 years of experience. Designed mechanical components and validated them using simulation tools. Key skills include root cause analysis, manufacturing processes, cad modeling, solidworks, six sigma, project planning. Familiar with tools such as ms project, solidworks. Education, Bachelor of Engineering.",Mechanical Engineering
"Software Engineer with 3 years of experience. Wrote clean and testable code while collaborating with cross functional teams. Key skills include system design, java, c++, microservices, react. Familiar with tools such as jenkins, postman, docker, aws. Education, Bachelor of Engineering.",Software Development
"Data Analyst Intern with 7 years of experience. Experienced in cleaning large datasets and turning them into useful insights. Key skills include statistics, pytorch, deep learning, python, sql. Familiar with tools such as jupyter notebook, git, tableau. Education, Bachelor of Science, graduated with distinction.",Data Science
"HR Executive with 7 years of experience. Coordinated with department heads to plan hiring and workforce needs. Key skills include employee engagement, talent acquisition, performance management, hr policies, labor law. Familiar with tools such as sap successfactors, excel, workday, linkedin recruiter. Education, Bachelor of Engineering.",Human Resources
"Design Engineer with 8 years of experience. Prepared detailed technical drawings for manufacturing teams. Key skills include solidworks, six sigma, project planning, manufacturing processes, autocad. Familiar with tools such as autocad, solidworks, ansys, ms project. Education, Master of Business Administration.",Mechanical Engineering
"HR Executive with 8 years of experience. Managed end to end recruitment cycles for multiple departments. Key skills include employee relations, hr policies, labor law, onboarding, conflict resolution, payroll. Familiar with tools such as linkedin recruiter, sap successfactors, excel, workday. Education, Diploma in relevant discipline.",Human Resources
"Backend Developer with 8 years of experience. Built REST APIs and integrated them with front end applications. Key skills include system design, react, object oriented programming, c++, java. Familiar with tools such as jenkins, aws, postman. Education, Master of Business Administration.",Software Development
"Backend Developer with 3 years of experience. Developed and maintained scalable web applications for enterprise clients. Key skills include algorithms, data structures, python, node js, java, c++, microservices. Familiar with tools such as postman, jenkins, docker, git. Education, Bachelor of Engineering.",Software Development
"Mechanical Engineer with 6 years of experience. Worked on the production floor to improve process efficiency and reduce waste. Key skills include autocad, quality control, product design, root cause analysis, manufacturing processes. Familiar with tools such as solidworks, ms project. Education, Bachelor of Engineering.",Mechanical Engineering
"Data Analyst Intern with 6 years of experience. Experienced in cleaning large datasets and turning them into useful insights. Key skills include numpy, pytorch, data visualization, statistics, nlp, machine learning. Familiar with tools such as docker, git, jupyter notebook, power bi. Education, Diploma in relevant discipline.",Data Science
"Web Designer with 6 years of experience. Created wireframes and prototypes before moving into visual design. Key skills include wireframing, photoshop, html, javascript, figma, ux research. Familiar with tools such as figma, vs code. Education, Bachelor of Technology in relevant field.",Web Designing
"HR Generalist with 3 years of experience. Coordinated with department heads to plan hiring and workforce needs. Key skills include onboarding, hr policies, employee relations, labor law, payroll, talent acquisition. Familiar with tools such as sap successfactors, workday, linkedin recruiter, excel. Education, Bachelor of Science, graduated with distinction.",Human Resources
"Front End Developer with 4 years of experience. Worked closely with developers to turn design mockups into working pages. Key skills include responsive design, ui design, css, bootstrap, html, wireframing, figma, react. Familiar with tools such as figma, vs code. Education, Master of Business Administration.",Web Designing
"Front End Developer with 6 years of experience. Created wireframes and prototypes before moving into visual design. Key skills include css, javascript, photoshop, ux research, wireframing, figma, responsive design, ui design. Familiar with tools such as figma, vs code, git. Education, Bachelor of Technology in relevant field.",Web Designing
"HR Generalist with 6 years of experience. Handled employee onboarding, engagement activities and grievance redressal. Key skills include conflict resolution, recruitment, employee relations, hr policies, payroll, talent acquisition, performance management. Familiar with tools such as workday, excel, linkedin recruiter. Education, Diploma in relevant discipline.",Human Resources
"Backend Developer with 3 years of experience. Built REST APIs and integrated them with front end applications. Key skills include algorithms, java, python, react, system design, data structures. Familiar with tools such as jenkins, docker, git, postman. Education, Diploma in relevant discipline.",Software Development
"Sales Executive with 4 years of experience. Generated new business leads and converted them into long term clients. Key skills include sales forecasting, b2b sales, target achievement, market research, cold calling, lead generation. Familiar with tools such as excel, hubspot. Education, Bachelor of Science, graduated with distinction.",Sales
"Talent Acquisition Specialist with 7 years of experience. Managed end to end recruitment cycles for multiple departments. Key skills include hr policies, labor law, talent acquisition, recruitment, employee engagement, onboarding. Familiar with tools such as linkedin recruiter, workday, sap successfactors, excel. Education, Bachelor of Engineering.",Human Resources
"Talent Acquisition Specialist with 5 years of experience. Managed end to end recruitment cycles for multiple departments. Key skills include hr policies, talent acquisition, labor law, onboarding, performance management, employee engagement. Familiar with tools such as excel, linkedin recruiter. Education, Diploma in relevant discipline.",Human Resources
"Web Designer with 1 years of experience. Worked closely with developers to turn design mockups into working pages. Key skills include bootstrap, css, ui design, wireframing, responsive design, adobe xd, ux research. Familiar with tools such as vs code, git, adobe xd, figma. Education, Bachelor of Technology in relevant field.",Web Designing
"Full Stack Developer with 5 years of experience. Wrote clean and testable code while collaborating with cross functional teams. Key skills include java, data structures, rest api, javascript, system design, react. Familiar with tools such as docker, postman. Education, Diploma in relevant discipline.",Software Development
"Software Engineer with 6 years of experience. Wrote clean and testable code while collaborating with cross functional teams. Key skills include rest api, node js, react, algorithms, c++, object oriented programming, javascript. Familiar with tools such as git, aws. Education, Bachelor of Technology in relevant field.",Software Development
"UI UX Designer with 2 years of experience. Designed clean and responsive websites focused on good user experience. Key skills include photoshop, figma, react, css, ux research, wireframing, bootstrap. Familiar with tools such as git, figma. Education, Bachelor of Engineering.",Web Designing
"HR Generalist with 8 years of experience. Coordinated with department heads to plan hiring and workforce needs. Key skills include payroll, performance management, employee relations, hr policies, labor law, onboarding, employee engagement. Familiar with tools such as excel, workday, linkedin recruiter. Education, Diploma in relevant discipline.",Human Resources
"Mechanical Engineer with 5 years of experience. Prepared detailed technical drawings for manufacturing teams. Key skills include six sigma, solidworks, manufacturing processes, cad modeling, thermodynamics, quality control, project planning. Familiar with tools such as autocad, solidworks, ms project, ansys. Education, Diploma in relevant discipline.",Mechanical Engineering
"UI UX Designer with 5 years of experience. Worked closely with developers to turn design mockups into working pages. Key skills include html, ux research, css, wireframing, bootstrap, ui design, react. Familiar with tools such as figma, git, vs code, adobe xd. Education, Bachelor of Technology in relevant field.",Web Designing
"Mechanical Engineer with 6 years of experience. Worked on the production floor to improve process efficiency and reduce waste. Key skills include solidworks, manufacturing processes, root cause analysis, six sigma, quality control, thermodynamics. Familiar with tools such as autocad, ms project, ansys, solidworks. Education, Bachelor of Science, graduated with distinction.",Mechanical Engineering
"Talent Acquisition Specialist with 6 years of experience. Handled employee onboarding, engagement activities and grievance redressal. Key skills include conflict resolution, payroll, onboarding, employee relations, performance management. Familiar with tools such as linkedin recruiter, sap successfactors, workday, excel. Education, Bachelor of Science, graduated with distinction.",Human Resources
"Talent Acquisition Specialist with 7 years of experience. Managed end to end recruitment cycles for multiple departments. Key skills include hr policies, performance management, labor law, payroll, talent acquisition. Familiar with tools such as linkedin recruiter, workday, sap successfactors, excel. Education, Master of Business Administration.",Human Resources
"Data Analyst Intern with 3 years of experience. Worked on classification and regression problems for real world applications. Key skills include machine learning, data visualization, pytorch, deep learning, numpy, tensorflow, statistics, pandas. Familiar with tools such as power bi, jupyter notebook, docker, git. Education, Bachelor of Science, graduated with distinction.",Data Science
"UI UX Designer with 5 years of experience. Designed clean and responsive websites focused on good user experience. Key skills include html, react, javascript, wireframing, responsive design. Familiar with tools such as adobe xd, figma, vs code. Education, Master of Business Administration.",Web Designing
"Full Stack Developer with 2 years of experience. Wrote clean and testable code while collaborating with cross functional teams. Key skills include c++, system design, algorithms, node js, react, rest api, python. Familiar with tools such as postman, git, docker, aws. Education, Master of Business Administration.",Software Development
"Backend Developer with 6 years of experience. Wrote clean and testable code while collaborating with cross functional teams. Key skills include rest api, node js, javascript, system design, react. Familiar with tools such as postman, docker, jenkins, git. Education, Bachelor of Science, graduated with distinction.",Software Development
"Software Engineer with 6 years of experience. Built REST APIs and integrated them with front end applications. Key skills include data structures, rest api, c++, java, node js, python. Familiar with tools such as aws, git, docker, jenkins. Education, Diploma in relevant discipline.",Software Development
"UI UX Designer with 5 years of experience. Created wireframes and prototypes before moving into visual design. Key skills include html, wireframing, ui design, react, adobe xd. Familiar with tools such as figma, adobe xd, vs code. Education, Master of Business Administration.",Web Designing
"HR Executive with 6 years of experience. Handled employee onboarding, engagement activities and grievance redressal. Key skills include employee relations, employee engagement, hr policies, performance management, onboarding, recruitment, talent acquisition. Familiar with tools such as sap successfactors, linkedin recruiter. Education, Bachelor of Engineering.",Human Resources
"Front End Developer with 3 years of experience. Designed clean and responsive websites focused on good user experience. Key skills include responsive design, react, photoshop, wireframing, javascript, figma, html, adobe xd. Familiar with tools such as figma, git, adobe xd, vs code. Education, Bachelor of Engineering.",Web Designing
"HR Generalist with 2 years of experience. Handled employee onboarding, engagement activities and grievance redressal. Key skills include hr policies, recruitment, conflict resolution, labor law, performance management, employee engagement, onboarding, payroll. Familiar with tools such as excel, workday, sap successfactors, linkedin recruiter. Education, Bachelor of Engineering.",Human Resources
"Business Development Associate with 6 years of experience. Generated new business leads and converted them into long term clients. Key skills include cold calling, negotiation, client relationship management, b2b sales, lead generation. Familiar with tools such as zoho crm, hubspot. Education, Bachelor of Technology in relevant field.",Sales
"Sales Executive with 4 years of experience. Generated new business leads and converted them into long term clients. Key skills include cold calling, market research, sales forecasting, target achievement, crm. Familiar with tools such as salesforce, excel. Education, Master of Business Administration.",Sales
"Data Analyst Intern with 2 years of experience. Experienced in cleaning large datasets and turning them into useful insights. Key skills include scikit learn, numpy, statistics, data visualization, pandas, python, sql. Familiar with tools such as tableau, docker. Education, Bachelor of Engineering.",Data Science
"Software Engineer with 4 years of experience. Developed and maintained scalable web applications for enterprise clients. Key skills include c++, python, react, system design, microservices, rest api. Familiar with tools such as postman, aws, jenkins, git. Education, Master of Business Administration.",Software Development
"Machine Learning Engineer with 8 years of experience. Worked on classification and regression problems for real world applications. Key skills include sql, statistics, python, machine learning, tensorflow, scikit learn, data visualization. Familiar with tools such as docker, power bi, tableau, git. Education, Bachelor of Science, graduated with distinction.",Data Science
"Production Engineer with 6 years of experience. Prepared detailed technical drawings for manufacturing teams. Key skills include solidworks, product design, autocad, six sigma, root cause analysis, thermodynamics, project planning, cad modeling. Familiar with tools such as ansys, solidworks, ms project, autocad. Education, Master of Business Administration.",Mechanical Engineering
"Talent Acquisition Specialist with 5 years of experience. Managed end to end recruitment cycles for multiple departments. Key skills include hr policies, performance management, recruitment, employee relations, employee engagement, conflict resolution, onboarding. Familiar with tools such as workday, sap successfactors. Education, Diploma in relevant discipline.",Human Resources
"Data Analyst Intern with 4 years of experience. Experienced in cleaning large datasets and turning them into useful insights. Key skills include deep learning, machine learning, tensorflow, feature engineering, statistics, python, pytorch. Familiar with tools such as jupyter notebook, tableau. Education, Diploma in relevant discipline.",Data Science
"Talent Acquisition Specialist with 6 years of experience. Coordinated with department heads to plan hiring and workforce needs. Key skills include hr policies, labor law, performance management, employee relations, recruitment, talent acquisition, payroll, onboarding. Familiar with tools such as sap successfactors, linkedin recruiter, workday. Education, Bachelor of Technology in relevant field.",Human Resources
"Full Stack Developer with 5 years of experience. Wrote clean and testable code while collaborating with cross functional teams. Key skills include node js, java, data structures, object oriented programming, javascript, algorithms, microservices. Familiar with tools such as docker, git, aws. Education, Bachelor of Technology in relevant field.",Software Development
"Backend Developer with 2 years of experience. Wrote clean and testable code while collaborating with cross functional teams. Key skills include c++, node js, rest api, system design, react. Familiar with tools such as postman, git, docker, aws. Education, Master of Business Administration.",Software Development
"Account Manager with 7 years of experience. Generated new business leads and converted them into long term clients. Key skills include crm, sales forecasting, client relationship management, market research, lead generation. Familiar with tools such as zoho crm, hubspot. Education, Bachelor of Science, graduated with distinction.",Sales
"Account Manager with 8 years of experience. Managed a portfolio of key accounts and handled contract renewals. Key skills include sales forecasting, negotiation, customer retention, crm, lead generation, market research, cold calling. Familiar with tools such as salesforce, zoho crm, hubspot, excel. Education, Bachelor of Technology in relevant field.",Sales
"Production Engineer with 8 years of experience. Prepared detailed technical drawings for manufacturing teams. Key skills include quality control, six sigma, manufacturing processes, root cause analysis, product design, project planning. Familiar with tools such as ms project, solidworks, ansys, autocad. Education, Bachelor of Engineering.",Mechanical Engineering
"Software Engineer with 1 years of experience. Built REST APIs and integrated them with front end applications. Key skills include javascript, algorithms, react, microservices, java. Familiar with tools such as git, aws, docker. Education, Master of Business Administration.",Software Development
"UI UX Designer with 1 years of experience. Designed clean and responsive websites focused on good user experience. Key skills include wireframing, html, ux research, bootstrap, photoshop, adobe xd. Familiar with tools such as vs code, git, figma, adobe xd. Education, Diploma in relevant discipline.",Web Designing
"Machine Learning Engineer with 4 years of experience. Experienced in cleaning large datasets and turning them into useful insights. Key skills include nlp, feature engineering, pandas, sql, python, data visualization. Familiar with tools such as tableau, git. Education, Bachelor of Science, graduated with distinction.",Data Science
"Sales Executive with 4 years of experience. Generated new business leads and converted them into long term clients. Key skills include crm, client relationship management, cold calling, negotiation, target achievement, customer retention. Familiar with tools such as salesforce, excel, hubspot, zoho crm. Education, Bachelor of Science, graduated with distinction.",Sales
"Data Analyst Intern with 5 years of experience. Worked on classification and regression problems for real world applications. Key skills include tensorflow, feature engineering, numpy, scikit learn, pytorch, statistics, nlp, python. Familiar with tools such as power bi, git. Education, Bachelor of Science, graduated with distinction.",Data Science
"Data Scientist with 2 years of experience. Built predictive models to solve business problems using structured and unstructured data. Key skills include pytorch, pandas, nlp, python, tensorflow, scikit learn. Familiar with tools such as jupyter notebook, tableau. Education, Diploma in relevant discipline.",Data Science
"Sales Executive with 7 years of experience. Generated new business leads and converted them into long term clients. Key skills include cold calling, b2b sales, sales forecasting, target achievement, crm, lead generation, market research, negotiation. Familiar with tools such as hubspot, excel, zoho crm. Education, Bachelor of Science, graduated with distinction.",Sales
"Backend Developer with 6 years of experience. Wrote clean and testable code while collaborating with cross functional teams. Key skills include data structures, python, c++, system design, object oriented programming, microservices, java. Familiar with tools such as postman, aws, git, docker. Education, Master of Business Administration.",Software Development
"Machine Learning Engineer with 4 years of experience. Built predictive models to solve business problems using structured and unstructured data. Key skills include python, scikit learn, machine learning, pytorch, data visualization, pandas, deep learning. Familiar with tools such as power bi, tableau. Education, Bachelor of Engineering.",Data Science
"Production Engineer with 3 years of experience. Designed mechanical components and validated them using simulation tools. Key skills include product design, quality control, project planning, six sigma, cad modeling, manufacturing processes, root cause analysis, thermodynamics. Familiar with tools such as solidworks, ansys, autocad. Education, Diploma in relevant discipline.",Mechanical Engineering
"Software Engineer with 8 years of experience. Wrote clean and testable code while collaborating with cross functional teams. Key skills include algorithms, rest api, system design, data structures, microservices, c++, java, react. Familiar with tools such as jenkins, postman. Education, Bachelor of Engineering.",Software Development
"Data Analyst Intern with 7 years of experience. Built predictive models to solve business problems using structured and unstructured data. Key skills include data visualization, feature engineering, machine learning, deep learning, numpy, pandas. Familiar with tools such as power bi, jupyter notebook. Education, Master of Business Administration.",Data Science
"Design Engineer with 1 years of experience. Worked on the production floor to improve process efficiency and reduce waste. Key skills include project planning, six sigma, autocad, thermodynamics, root cause analysis, product design, quality control. Familiar with tools such as solidworks, ansys, autocad. Education, Master of Business Administration.",Mechanical Engineering
"Design Engineer with 6 years of experience. Worked on the production floor to improve process efficiency and reduce waste. Key skills include six sigma, quality control, root cause analysis, thermodynamics, solidworks, autocad. Familiar with tools such as solidworks, autocad, ms project. Education, Bachelor of Science, graduated with distinction.",Mechanical Engineering
"Production Engineer with 2 years of experience. Prepared detailed technical drawings for manufacturing teams. Key skills include manufacturing processes, quality control, autocad, six sigma, cad modeling, solidworks. Familiar with tools such as autocad, ms project. Education, Diploma in relevant discipline.",Mechanical Engineering
"Sales Executive with 5 years of experience. Managed a portfolio of key accounts and handled contract renewals. Key skills include sales forecasting, customer retention, crm, market research, lead generation. Familiar with tools such as zoho crm, excel, salesforce, hubspot. Education, Bachelor of Science, graduated with distinction.",Sales
"Mechanical Engineer with 3 years of experience. Designed mechanical components and validated them using simulation tools. Key skills include quality control, solidworks, project planning, six sigma, thermodynamics, cad modeling, root cause analysis, product design. Familiar with tools such as ms project, autocad. Education, Bachelor of Science, graduated with distinction.",Mechanical Engineering
"Design Engineer with 2 years of experience. Designed mechanical components and validated them using simulation tools. Key skills include root cause analysis, quality control, six sigma, cad modeling, product design, solidworks, manufacturing processes. Familiar with tools such as ms project, ansys, autocad. Education, Diploma in relevant discipline.",Mechanical Engineering
"HR Executive with 8 years of experience. Handled employee onboarding, engagement activities and grievance redressal. Key skills include labor law, employee relations, onboarding, recruitment, employee engagement, payroll, performance management, hr policies. Familiar with tools such as linkedin recruiter, excel, workday. Education, Bachelor of Technology in relevant field.",Human Resources
"HR Executive with 7 years of experience. Handled employee onboarding, engagement activities and grievance redressal. Key skills include conflict resolution, employee relations, employee engagement, recruitment, performance management, labor law, onboarding, hr policies. Familiar with tools such as workday, sap successfactors. Education, Bachelor of Science, graduated with distinction.",Human Resources
"Account Manager with 4 years of experience. Managed a portfolio of key accounts and handled contract renewals. Key skills include b2b sales, sales forecasting, market research, negotiation, lead generation, crm. Familiar with tools such as excel, zoho crm. Education, Bachelor of Technology in relevant field.",Sales
"Full Stack Developer with 1 years of experience. Developed and maintained scalable web applications for enterprise clients. Key skills include microservices, rest api, c++, data structures, algorithms, react, node js, java. Familiar with tools such as aws, jenkins, git, docker. Education, Diploma in relevant discipline.",Software Development
"Production Engineer with 5 years of experience. Prepared detailed technical drawings for manufacturing teams. Key skills include root cause analysis, autocad, product design, six sigma, solidworks, project planning. Familiar with tools such as ms project, ansys. Education, Bachelor of Technology in relevant field.",Mechanical Engineering
"Data Scientist with 6 years of experience. Experienced in cleaning large datasets and turning them into useful insights. Key skills include nlp, data visualization, tensorflow, pytorch, sql, deep learning. Familiar with tools such as git, power bi. Education, Bachelor of Science, graduated with distinction.",Data Science
"Backend Developer with 2 years of experience. Wrote clean and testable code while collaborating with cross functional teams. Key skills include microservices, java, object oriented programming, javascript, rest api. Familiar with tools such as docker, postman, aws. Education, Diploma in relevant discipline.",Software Development
"Production Engineer with 5 years of experience. Prepared detailed technical drawings for manufacturing teams. Key skills include solidworks, manufacturing processes, thermodynamics, product design, autocad. Familiar with tools such as autocad, ansys, solidworks, ms project. Education, Bachelor of Engineering.",Mechanical Engineering
"Production Engineer with 1 years of experience. Worked on the production floor to improve process efficiency and reduce waste. Key skills include thermodynamics, product design, root cause analysis, six sigma, solidworks. Familiar with tools such as solidworks, ansys. Education, Master of Business Administration.",Mechanical Engineering
"Front End Developer with 7 years of experience. Created wireframes and prototypes before moving into visual design. Key skills include responsive design, bootstrap, adobe xd, figma, photoshop, react, html. Familiar with tools such as figma, vs code. Education, Bachelor of Engineering.",Web Designing
"Full Stack Developer with 8 years of experience. Built REST APIs and integrated them with front end applications. Key skills include algorithms, node js, data structures, c++, rest api. Familiar with tools such as docker, aws. Education, Bachelor of Science, graduated with distinction.",Software Development
"Production Engineer with 6 years of experience. Designed mechanical components and validated them using simulation tools. Key skills include product design, project planning, root cause analysis, autocad, solidworks. Familiar with tools such as ansys, autocad, ms project, solidworks. Education, Bachelor of Technology in relevant field.",Mechanical Engineering
"Backend Developer with 7 years of experience. Wrote clean and testable code while collaborating with cross functional teams. Key skills include java, c++, python, data structures, react, javascript, object oriented programming, node js. Familiar with tools such as aws, docker. Education, Master of Business Administration.",Software Development
"Talent Acquisition Specialist with 6 years of experience. Managed end to end recruitment cycles for multiple departments. Key skills include recruitment, conflict resolution, talent acquisition, onboarding, performance management, labor law. Familiar with tools such as sap successfactors, excel. Education, Bachelor of Engineering.",Human Resources
"UI UX Designer with 3 years of experience. Worked closely with developers to turn design mockups into working pages. Key skills include bootstrap, react, wireframing, figma, ui design. Familiar with tools such as figma, adobe xd, vs code, git. Education, Diploma in relevant discipline.",Web Designing
"Full Stack Developer with 2 years of experience. Built REST APIs and integrated them with front end applications. Key skills include react, algorithms, rest api, c++, java, object oriented programming, microservices. Familiar with tools such as jenkins, docker, aws. Education, Bachelor of Engineering.",Software Development
"Talent Acquisition Specialist with 4 years of experience. Handled employee onboarding, engagement activities and grievance redressal. Key skills include recruitment, onboarding, hr policies, performance management, employee engagement. Familiar with tools such as excel, sap successfactors, workday, linkedin recruiter. Education, Bachelor of Technology in relevant field.",Human Resources
"UI UX Designer with 7 years of experience. Worked closely with developers to turn design mockups into working pages. Key skills include css, html, javascript, adobe xd, bootstrap. Familiar with tools such as adobe xd, vs code, git, figma. Education, Diploma in relevant discipline.",Web Designing
"Account Manager with 8 years of experience. Managed a portfolio of key accounts and handled contract renewals. Key skills include lead generation, crm, target achievement, negotiation, sales forecasting. Familiar with tools such as excel, zoho crm. Education, Bachelor of Technology in relevant field.",Sales
"UI UX Designer with 3 years of experience. Worked closely with developers to turn design mockups into working pages. Key skills include figma, wireframing, css, ux research, adobe xd, bootstrap, html, photoshop. Familiar with tools such as adobe xd, vs code. Education, Diploma in relevant discipline.",Web Designing
"UI UX Designer with 4 years of experience. Created wireframes and prototypes before moving into visual design. Key skills include adobe xd, figma, photoshop, wireframing, responsive design, bootstrap, ui design. Familiar with tools such as figma, git. Education, Bachelor of Science, graduated with distinction.",Web Designing
"Machine Learning Engineer with 2 years of experience. Built predictive models to solve business problems using structured and unstructured data. Key skills include sql, pandas, statistics, machine learning, deep learning. Familiar with tools such as tableau, jupyter notebook, git, power bi. Education, Bachelor of Science, graduated with distinction.",Data Science
"HR Executive with 7 years of experience. Handled employee onboarding, engagement activities and grievance redressal. Key skills include performance management, conflict resolution, onboarding, employee relations, payroll, hr policies, talent acquisition. Familiar with tools such as sap successfactors, linkedin recruiter, workday, excel. Education, Diploma in relevant discipline.",Human Resources
"UI UX Designer with 1 years of experience. Designed clean and responsive websites focused on good user experience. Key skills include css, adobe xd, ux research, responsive design, wireframing, ui design, javascript, html. Familiar with tools such as vs code, figma, adobe xd, git. Education, Diploma in relevant discipline.",Web Designing
"Talent Acquisition Specialist with 8 years of experience. Coordinated with department heads to plan hiring and workforce needs. Key skills include performance management, hr policies, payroll, onboarding, conflict resolution. Familiar with tools such as sap successfactors, linkedin recruiter, excel. Education, Bachelor of Engineering.",Human Resources
"Data Analyst Intern with 6 years of experience. Worked on classification and regression problems for real world applications. Key skills include data visualization, deep learning, feature engineering, sql, machine learning, tensorflow. Familiar with tools such as jupyter notebook, git, docker. Education, Bachelor of Technology in relevant field.",Data Science
"Business Development Associate with 5 years of experience. Generated new business leads and converted them into long term clients. Key skills include b2b sales, crm, client relationship management, target achievement, sales forecasting. Familiar with tools such as hubspot, zoho crm, salesforce. Education, Master of Business Administration.",Sales
"UI UX Designer with 2 years of experience. Worked closely with developers to turn design mockups into working pages. Key skills include wireframing, figma, bootstrap, ux research, photoshop. Familiar with tools such as figma, adobe xd. Education, Diploma in relevant discipline.",Web Designing
"Data Scientist with 8 years of experience. Built predictive models to solve business problems using structured and unstructured data. Key skills include feature engineering, statistics, pytorch, machine learning, nlp, data visualization. Familiar with tools such as git, power bi, tableau. Education, Master of Business Administration.",Data Science
"Front End Developer with 7 years of experience. Created wireframes and prototypes before moving into visual design. Key skills include photoshop, adobe xd, ui design, css, wireframing, figma. Familiar with tools such as vs code, git, adobe xd, figma. Education, Bachelor of Technology in relevant field.",Web Designing
"Data Analyst Intern with 2 years of experience. Built predictive models to solve business problems using structured and unstructured data. Key skills include feature engineering, statistics, numpy, machine learning, python. Familiar with tools such as docker, power bi. Education, Diploma in relevant discipline.",Data Science
"Design Engineer with 8 years of experience. Prepared detailed technical drawings for manufacturing teams. Key skills include root cause analysis, autocad, cad modeling, project planning, manufacturing processes. Familiar with tools such as autocad, ansys. Education, Bachelor of Engineering.",Mechanical Engineering
"Account Manager with 7 years of experience. Consistently exceeded monthly sales targets through strong client relationships. Key skills include negotiation, crm, client relationship management, b2b sales, market research. Familiar with tools such as hubspot, zoho crm. Education, Bachelor of Engineering.",Sales
"Mechanical Engineer with 8 years of experience. Designed mechanical components and validated them using simulation tools. Key skills include product design, six sigma, autocad, solidworks, quality control, cad modeling, root cause analysis, thermodynamics. Familiar with tools such as autocad, ms project, ansys, solidworks. Education, Bachelor of Technology in relevant field.",Mechanical Engineering
"Software Engineer with 5 years of experience. Built REST APIs and integrated them with front end applications. Key skills include node js, javascript, c++, algorithms, java. Familiar with tools such as docker, aws, git, postman. Education, Bachelor of Technology in relevant field.",Software Development
"HR Executive with 1 years of experience. Handled employee onboarding, engagement activities and grievance redressal. Key skills include recruitment, conflict resolution, employee engagement, onboarding, labor law. Familiar with tools such as workday, excel. Education, Bachelor of Engineering.",Human Resources
"Backend Developer with 1 years of experience. Built REST APIs and integrated them with front end applications. Key skills include algorithms, c++, java, system design, react, microservices, object oriented programming, javascript. Familiar with tools such as git, jenkins, postman, docker. Education, Diploma in relevant discipline.",Software Development
"Data Analyst Intern with 1 years of experience. Worked on classification and regression problems for real world applications. Key skills include scikit learn, machine learning, nlp, python, statistics, tensorflow. Familiar with tools such as power bi, jupyter notebook, git, tableau. Education, Bachelor of Science, graduated with distinction.",Data Science
"Backend Developer with 5 years of experience. Developed and maintained scalable web applications for enterprise clients. Key skills include object oriented programming, python, microservices, system design, rest api, algorithms, java, react. Familiar with tools such as aws, postman, jenkins. Education, Bachelor of Science, graduated with distinction.",Software Development
"Business Development Associate with 4 years of experience. Generated new business leads and converted them into long term clients. Key skills include target achievement, negotiation, cold calling, customer retention, market research. Familiar with tools such as zoho crm, excel, hubspot. Education, Master of Business Administration.",Sales
"Front End Developer with 5 years of experience. Created wireframes and prototypes before moving into visual design. Key skills include adobe xd, bootstrap, ux research, photoshop, wireframing, ui design, html, react. Familiar with tools such as adobe xd, vs code, figma, git. Education, Bachelor of Engineering.",Web Designing
"HR Generalist with 1 years of experience. Coordinated with department heads to plan hiring and workforce needs. Key skills include employee engagement, payroll, conflict resolution, hr policies, performance management, employee relations. Familiar with tools such as sap successfactors, excel, workday. Education, Master of Business Administration.",Human Resources
"Backend Developer with 2 years of experience. Wrote clean and testable code while collaborating with cross functional teams. Key skills include algorithms, react, microservices, python, node js, data structures, object oriented programming, c++. Familiar with tools such as postman, git, aws. Education, Bachelor of Technology in relevant field.",Software Development
"Sales Executive with 4 years of experience. Generated new business leads and converted them into long term clients. Key skills include customer retention, b2b sales, lead generation, market research, crm, negotiation. Familiar with tools such as zoho crm, excel. Education, Bachelor of Technology in relevant field.",Sales
"Mechanical Engineer with 2 years of experience. Worked on the production floor to improve process efficiency and reduce waste. Key skills include product design, project planning, solidworks, quality control, manufacturing processes, thermodynamics, six sigma, cad modeling. Familiar with tools such as autocad, ansys. Education, Bachelor of Engineering.",Mechanical Engineering
"Account Manager with 6 years of experience. Managed a portfolio of key accounts and handled contract renewals. Key skills include crm, cold calling, negotiation, customer retention, sales forecasting, target achievement, client relationship management, lead generation. Familiar with tools such as hubspot, salesforce. Education, Diploma in relevant discipline.",Sales
"UI UX Designer with 8 years of experience. Created wireframes and prototypes before moving into visual design. Key skills include adobe xd, ui design, responsive design, wireframing, ux research, react. Familiar with tools such as figma, vs code. Education, Bachelor of Engineering.",Web Designing
"Web Designer with 6 years of experience. Worked closely with developers to turn design mockups into working pages. Key skills include javascript, html, react, figma, adobe xd, ux research, css, bootstrap. Familiar with tools such as git, figma, vs code, adobe xd. Education, Bachelor of Technology in relevant field.",Web Designing
"Production Engineer with 7 years of experience. Worked on the production floor to improve process efficiency and reduce waste. Key skills include quality control, solidworks, product design, thermodynamics, six sigma, manufacturing processes, project planning, root cause analysis. Familiar with tools such as ms project, ansys, solidworks, autocad. Education, Bachelor of Science, graduated with distinction.",Mechanical Engineering
"HR Executive with 5 years of experience. Managed end to end recruitment cycles for multiple departments. Key skills include recruitment, employee engagement, performance management, talent acquisition, employee relations, labor law, payroll, conflict resolution. Familiar with tools such as workday, excel. Education, Bachelor of Science, graduated with distinction.",Human Resources
"Account Manager with 1 years of experience. Managed a portfolio of key accounts and handled contract renewals. Key skills include sales forecasting, b2b sales, cold calling, negotiation, customer retention, target achievement, crm. Familiar with tools such as salesforce, excel, zoho crm. Education, Bachelor of Science, graduated with distinction.",Sales
"HR Executive with 1 years of experience. Handled employee onboarding, engagement activities and grievance redressal. Key skills include hr policies, onboarding, payroll, recruitment, employee relations, talent acquisition, conflict resolution, performance management. Familiar with tools such as sap successfactors, linkedin recruiter. Education, Master of Business Administration.",Human Resources
"Business Development Associate with 4 years of experience. Generated new business leads and converted them into long term clients. Key skills include negotiation, client relationship management, cold calling, market research, b2b sales, sales forecasting, lead generation. Familiar with tools such as excel, hubspot, salesforce, zoho crm. Education, Bachelor of Engineering.",Sales
"Sales Executive with 1 years of experience. Managed a portfolio of key accounts and handled contract renewals. Key skills include customer retention, crm, lead generation, cold calling, sales forecasting, client relationship management, negotiation, b2b sales. Familiar with tools such as salesforce, excel, zoho crm. Education, Bachelor of Engineering.",Sales
"HR Generalist with 8 years of experience. Managed end to end recruitment cycles for multiple departments. Key skills include payroll, recruitment, onboarding, talent acquisition, labor law, employee engagement. Familiar with tools such as linkedin recruiter, workday, sap successfactors. Education, Diploma in relevant discipline.",Human Resources
"Web Designer with 2 years of experience. Designed clean and responsive websites focused on good user experience. Key skills include bootstrap, ux research, adobe xd, javascript, html, photoshop, figma. Familiar with tools such as vs code, adobe xd. Education, Bachelor of Technology in relevant field.",Web Designing
"Account Manager with 4 years of experience. Managed a portfolio of key accounts and handled contract renewals. Key skills include lead generation, cold calling, market research, customer retention, negotiation. Familiar with tools such as hubspot, salesforce, excel. Education, Diploma in relevant discipline.",Sales
"HR Executive with 6 years of experience. Managed end to end recruitment cycles for multiple departments. Key skills include recruitment, onboarding, conflict resolution, employee relations, performance management, labor law, employee engagement. Familiar with tools such as linkedin recruiter, workday. Education, Bachelor of Science, graduated with distinction.",Human Resources
"Data Scientist with 4 years of experience. Experienced in cleaning large datasets and turning them into useful insights. Key skills include nlp, pandas, python, data visualization, feature engineering, statistics, machine learning. Familiar with tools such as docker, power bi. Education, Bachelor of Technology in relevant field.",Data Science
"Backend Developer with 7 years of experience. Built REST APIs and integrated them with front end applications. Key skills include java, microservices, node js, c++, algorithms, system design, object oriented programming, react. Familiar with tools such as aws, jenkins, docker, postman. Education, Bachelor of Engineering.",Software Development
"Data Scientist with 1 years of experience. Built predictive models to solve business problems using structured and unstructured data. Key skills include pytorch, pandas, machine learning, statistics, deep learning, feature engineering. Familiar with tools such as power bi, tableau. Education, Bachelor of Technology in relevant field.",Data Science
"Data Scientist with 3 years of experience. Built predictive models to solve business problems using structured and unstructured data. Key skills include machine learning, data visualization, pandas, nlp, scikit learn, tensorflow. Familiar with tools such as power bi, jupyter notebook, git. Education, Diploma in relevant discipline.",Data Science
"Design Engineer with 1 years of experience. Designed mechanical components and validated them using simulation tools. Key skills include six sigma, cad modeling, manufacturing processes, product design, thermodynamics, project planning, solidworks, autocad. Familiar with tools such as ansys, solidworks, ms project. Education, Master of Business Administration.",Mechanical Engineering
"Software Engineer with 5 years of experience. Built REST APIs and integrated them with front end applications. Key skills include data structures, algorithms, python, system design, react. Familiar with tools such as aws, jenkins. Education, Bachelor of Science, graduated with distinction.",Software Development
"Production Engineer with 2 years of experience. Prepared detailed technical drawings for manufacturing teams. Key skills include autocad, product design, solidworks, root cause analysis, thermodynamics, cad modeling. Familiar with tools such as ms project, solidworks, autocad, ansys. Education, Bachelor of Technology in relevant field.",Mechanical Engineering
"HR Generalist with 1 years of experience. Handled employee onboarding, engagement activities and grievance redressal. Key skills include employee relations, payroll, onboarding, hr policies, talent acquisition, recruitment, conflict resolution, employee engagement. Familiar with tools such as excel, workday, sap successfactors. Education, Bachelor of Technology in relevant field.",Human Resources
"Sales Executive with 7 years of experience. Managed a portfolio of key accounts and handled contract renewals. Key skills include cold calling, target achievement, crm, negotiation, lead generation, sales forecasting, customer retention. Familiar with tools such as salesforce, zoho crm. Education, Bachelor of Technology in relevant field.",Sales
"HR Executive with 5 years of experience. Coordinated with department heads to plan hiring and workforce needs. Key skills include employee engagement, employee relations, labor law, hr policies, performance management, conflict resolution. Familiar with tools such as workday, linkedin recruiter, excel. Education, Bachelor of Engineering.",Human Resources
"Business Development Associate with 2 years of experience. Managed a portfolio of key accounts and handled contract renewals. Key skills include client relationship management, lead generation, cold calling, negotiation, customer retention, target achievement. Familiar with tools such as excel, salesforce. Education, Diploma in relevant discipline.",Sales
"Business Development Associate with 1 years of experience. Generated new business leads and converted them into long term clients. Key skills include b2b sales, negotiation, sales forecasting, crm, cold calling, target achievement, market research, lead generation. Familiar with tools such as salesforce, hubspot, excel, zoho crm. Education, Master of Business Administration.",Sales
"Backend Developer with 6 years of experience. Wrote clean and testable code while collaborating with cross functional teams. Key skills include java, system design, data structures, object oriented programming, python. Familiar with tools such as aws, docker, jenkins, git. Education, Bachelor of Technology in relevant field.",Software Development
"Software Engineer with 8 years of experience. Wrote clean and testable code while collaborating with cross functional teams. Key skills include c++, algorithms, system design, data structures, object oriented programming. Familiar with tools such as aws, jenkins, postman, docker. Education, Bachelor of Technology in relevant field.",Software Development
"Data Scientist with 4 years of experience. Built predictive models to solve business problems using structured and unstructured data. Key skills include statistics, data visualization, pandas, scikit learn, tensorflow, pytorch, numpy, python. Familiar with tools such as docker, tableau, power bi, jupyter notebook. Education, Bachelor of Technology in relevant field.",Data Science
"UI UX Designer with 7 years of experience. Created wireframes and prototypes before moving into visual design. Key skills include ui design, bootstrap, responsive design, adobe xd, css, javascript. Familiar with tools such as adobe xd, figma, vs code. Education, Master of Business Administration.",Web Designing
"Production Engineer with 4 years of experience. Worked on the production floor to improve process efficiency and reduce waste. Key skills include quality control, cad modeling, manufacturing processes, thermodynamics, solidworks, project planning, six sigma. Familiar with tools such as solidworks, autocad, ms project, ansys. Education, Diploma in relevant discipline.",Mechanical Engineering
"HR Generalist with 2 years of experience. Handled employee onboarding, engagement activities and grievance redressal. Key skills include hr policies, labor law, performance management, conflict resolution, recruitment, employee relations. Familiar with tools such as excel, workday. Education, Bachelor of Engineering.",Human Resources
"Business Development Associate with 7 years of experience. Consistently exceeded monthly sales targets through strong client relationships. Key skills include sales forecasting, lead generation, cold calling, b2b sales, target achievement, customer retention, client relationship management, crm. Familiar with tools such as salesforce, excel, zoho crm, hubspot. Education, Diploma in relevant discipline.",Sales
"Machine Learning Engineer with 7 years of experience. Worked on classification and regression problems for real world applications. Key skills include pandas, sql, feature engineering, deep learning, statistics, data visualization. Familiar with tools such as jupyter notebook, tableau, git. Education, Bachelor of Technology in relevant field.",Data Science
"Production Engineer with 8 years of experience. Designed mechanical components and validated them using simulation tools. Key skills include thermodynamics, manufacturing processes, cad modeling, project planning, autocad, quality control. Familiar with tools such as solidworks, ms project, ansys, autocad. Education, Bachelor of Science, graduated with distinction.",Mechanical Engineering
"HR Generalist with 5 years of experience. Managed end to end recruitment cycles for multiple departments. Key skills include labor law, employee engagement, talent acquisition, hr policies, performance management, employee relations, payroll. Familiar with tools such as excel, sap successfactors. Education, Diploma in relevant discipline.",Human Resources
"Backend Developer with 1 years of experience. Developed and maintained scalable web applications for enterprise clients. Key skills include algorithms, node js, object oriented programming, microservices, python. Familiar with tools such as jenkins, docker, git. Education, Bachelor of Science, graduated with distinction.",Software Development
"Data Scientist with 2 years of experience. Worked on classification and regression problems for real world applications. Key skills include data visualization, python, pandas, deep learning, machine learning, scikit learn, feature engineering. Familiar with tools such as docker, jupyter notebook. Education, Diploma in relevant discipline.",Data Science
"Talent Acquisition Specialist with 6 years of experience. Managed end to end recruitment cycles for multiple departments. Key skills include payroll, hr policies, recruitment, talent acquisition, employee relations, employee engagement. Familiar with tools such as linkedin recruiter, sap successfactors, workday, excel. Education, Master of Business Administration.",Human Resources
"Mechanical Engineer with 2 years of experience. Designed mechanical components and validated them using simulation tools. Key skills include project planning, manufacturing processes, thermodynamics, product design, autocad, solidworks, quality control. Familiar with tools such as ms project, solidworks. Education, Master of Business Administration.",Mechanical Engineering
"Data Scientist with 8 years of experience. Worked on classification and regression problems for real world applications. Key skills include python, deep learning, pandas, statistics, scikit learn. Familiar with tools such as git, tableau, power bi. Education, Bachelor of Engineering.",Data Science
"Business Development Associate with 8 years of experience. Managed a portfolio of key accounts and handled contract renewals. Key skills include crm, lead generation, b2b sales, client relationship management, target achievement. Familiar with tools such as zoho crm, hubspot, excel. Education, Diploma in relevant discipline.",Sales
"UI UX Designer with 1 years of experience. Worked closely with developers to turn design mockups into working pages. Key skills include react, ux research, css, figma, bootstrap, ui design. Familiar with tools such as adobe xd, figma. Education, Master of Business Administration.",Web Designing
"Talent Acquisition Specialist with 2 years of experience. Managed end to end recruitment cycles for multiple departments. Key skills include performance management, employee relations, talent acquisition, recruitment, employee engagement, payroll. Familiar with tools such as sap successfactors, linkedin recruiter, workday. Education, Master of Business Administration.",Human Resources
"Data Analyst Intern with 8 years of experience. Experienced in cleaning large datasets and turning them into useful insights. Key skills include deep learning, machine learning, numpy, scikit learn, nlp, pandas, python, tensorflow. Familiar with tools such as power bi, docker. Education, Bachelor of Technology in relevant field.",Data Science
"HR Executive with 6 years of experience. Managed end to end recruitment cycles for multiple departments. Key skills include employee engagement, recruitment, talent acquisition, hr policies, employee relations, labor law, payroll, onboarding. Familiar with tools such as sap successfactors, excel. Education, Diploma in relevant discipline.",Human Resources
"HR Executive with 1 years of experience. Coordinated with department heads to plan hiring and workforce needs. Key skills include talent acquisition, employee engagement, employee relations, hr policies, labor law, onboarding, performance management, conflict resolution. Familiar with tools such as linkedin recruiter, workday, excel, sap successfactors. Education, Bachelor of Technology in relevant field.",Human Resources
"Machine Learning Engineer with 7 years of experience. Worked on classification and regression problems for real world applications. Key skills include machine learning, numpy, pandas, python, feature engineering, nlp. Familiar with tools such as docker, power bi, tableau, jupyter notebook. Education, Master of Business Administration.",Data Science
"Machine Learning Engineer with 6 years of experience. Experienced in cleaning large datasets and turning them into useful insights. Key skills include sql, tensorflow, scikit learn, machine learning, python. Familiar with tools such as git, jupyter notebook, power bi, docker. Education, Bachelor of Technology in relevant field.",Data Science
"Design Engineer with 1 years of experience. Prepared detailed technical drawings for manufacturing teams. Key skills include six sigma, solidworks, product design, thermodynamics, manufacturing processes, quality control. Familiar with tools such as autocad, ms project. Education, Bachelor of Science, graduated with distinction.",Mechanical Engineering
"Software Engineer with 6 years of experience. Wrote clean and testable code while collaborating with cross functional teams. Key skills include rest api, object oriented programming, node js, javascript, microservices. Familiar with tools such as jenkins, docker. Education, Bachelor of Technology in relevant field.",Software Development
"Full Stack Developer with 5 years of experience. Wrote clean and testable code while collaborating with cross functional teams. Key skills include object oriented programming, python, data structures, microservices, node js, system design. Familiar with tools such as postman, jenkins. Education, Bachelor of Technology in relevant field.",Software Development
"Web Designer with 1 years of experience. Designed clean and responsive websites focused on good user experience. Key skills include ui design, bootstrap, html, figma, responsive design, javascript, adobe xd, react. Familiar with tools such as vs code, git, adobe xd, figma. Education, Bachelor of Science, graduated with distinction.",Web Designing
"Machine Learning Engineer with 2 years of experience. Worked on classification and regression problems for real world applications. Key skills include nlp, data visualization, sql, scikit learn, pandas, statistics. Familiar with tools such as git, power bi, tableau, docker. Education, Bachelor of Technology in relevant field.",Data Science
"Design Engineer with 2 years of experience. Prepared detailed technical drawings for manufacturing teams. Key skills include project planning, six sigma, quality control, cad modeling, product design, thermodynamics, autocad, manufacturing processes. Familiar with tools such as autocad, solidworks, ms project, ansys. Education, Bachelor of Technology in relevant field.",Mechanical Engineering
"Front End Developer with 8 years of experience. Worked closely with developers to turn design mockups into working pages. Key skills include react, ui design, ux research, css, photoshop. Familiar with tools such as git, figma, adobe xd. Education, Diploma in relevant discipline.",Web Designing
"Sales Executive with 8 years of experience. Consistently exceeded monthly sales targets through strong client relationships. Key skills include customer retention, negotiation, b2b sales, target achievement, market research, lead generation, sales forecasting. Familiar with tools such as zoho crm, salesforce. Education, Diploma in relevant discipline.",Sales
"Web Designer with 6 years of experience. Worked closely with developers to turn design mockups into working pages. Key skills include wireframing, css, bootstrap, javascript, ux research, adobe xd. Familiar with tools such as vs code, figma, adobe xd, git. Education, Master of Business Administration.",Web Designing
"Front End Developer with 2 years of experience. Designed clean and responsive websites focused on good user experience. Key skills include react, wireframing, javascript, adobe xd, css, figma. Familiar with tools such as git, vs code. Education, Master of Business Administration.",Web Designing
"Business Development Associate with 4 years of experience. Managed a portfolio of key accounts and handled contract renewals. Key skills include b2b sales, sales forecasting, customer retention, negotiation, lead generation. Familiar with tools such as zoho crm, salesforce, hubspot, excel. Education, Master of Business Administration.",Sales
"Mechanical Engineer with 3 years of experience. Designed mechanical components and validated them using simulation tools. Key skills include manufacturing processes, solidworks, cad modeling, quality control, root cause analysis, six sigma. Familiar with tools such as ansys, solidworks, ms project, autocad. Education, Bachelor of Science, graduated with distinction.",Mechanical Engineering
"HR Generalist with 3 years of experience. Coordinated with department heads to plan hiring and workforce needs. Key skills include payroll, onboarding, talent acquisition, performance management, hr policies, employee relations. Familiar with tools such as workday, linkedin recruiter. Education, Bachelor of Science, graduated with distinction.",Human Resources
"Account Manager with 1 years of experience. Consistently exceeded monthly sales targets through strong client relationships. Key skills include sales forecasting, lead generation, b2b sales, market research, negotiation. Familiar with tools such as hubspot, salesforce, excel, zoho crm. Education, Master of Business Administration.",Sales
"HR Executive with 5 years of experience. Coordinated with department heads to plan hiring and workforce needs. Key skills include employee relations, performance management, recruitment, talent acquisition, employee engagement, labor law, conflict resolution, onboarding. Familiar with tools such as linkedin recruiter, excel, sap successfactors. Education, Diploma in relevant discipline.",Human Resources
"HR Executive with 7 years of experience. Handled employee onboarding, engagement activities and grievance redressal. Key skills include onboarding, hr policies, performance management, employee engagement, labor law, payroll, conflict resolution, talent acquisition. Familiar with tools such as sap successfactors, linkedin recruiter. Education, Master of Business Administration.",Human Resources
"UI UX Designer with 7 years of experience. Worked closely with developers to turn design mockups into working pages. Key skills include ui design, javascript, ux research, react, css. Familiar with tools such as figma, adobe xd, git, vs code. Education, Bachelor of Science, graduated with distinction.",Web Designing
"Talent Acquisition Specialist with 5 years of experience. Coordinated with department heads to plan hiring and workforce needs. Key skills include onboarding, employee relations, employee engagement, payroll, talent acquisition, conflict resolution. Familiar with tools such as excel, linkedin recruiter. Education, Bachelor of Technology in relevant field.",Human Resources
"Machine Learning Engineer with 6 years of experience. Worked on classification and regression problems for real world applications. Key skills include feature engineering, scikit learn, pandas, tensorflow, nlp, pytorch, deep learning, numpy. Familiar with tools such as docker, jupyter notebook, power bi, git. Education, Diploma in relevant discipline.",Data Science
"UI UX Designer with 3 years of experience. Created wireframes and prototypes before moving into visual design. Key skills include css, html, adobe xd, photoshop, responsive design, ui design. Familiar with tools such as git, adobe xd, figma, vs code. Education, Bachelor of Science, graduated with distinction.",Web Designing
"Account Manager with 2 years of experience. Generated new business leads and converted them into long term clients. Key skills include target achievement, cold calling, negotiation, crm, b2b sales. Familiar with tools such as excel, salesforce. Education, Master of Business Administration.",Sales
"Backend Developer with 6 years of experience. Developed and maintained scalable web applications for enterprise clients. Key skills include c++, object oriented programming, react, microservices, java, node js. Familiar with tools such as docker, git. Education, Bachelor of Engineering.",Software Development
"Business Development Associate with 2 years of experience. Generated new business leads and converted them into long term clients. Key skills include crm, target achievement, b2b sales, customer retention, market research, sales forecasting, client relationship management, cold calling. Familiar with tools such as zoho crm, salesforce. Education, Bachelor of Technology in relevant field.",Sales
"Data Analyst Intern with 2 years of experience. Built predictive models to solve business problems using structured and unstructured data. Key skills include numpy, pandas, tensorflow, feature engineering, scikit learn. Familiar with tools such as jupyter notebook, tableau, power bi. Education, Bachelor of Engineering.",Data Science
"Mechanical Engineer with 7 years of experience. Designed mechanical components and validated them using simulation tools. Key skills include thermodynamics, root cause analysis, cad modeling, project planning, product design. Familiar with tools such as autocad, ms project, solidworks, ansys. Education, Diploma in relevant discipline.",Mechanical Engineering
"Data Scientist with 5 years of experience. Worked on classification and regression problems for real world applications. Key skills include data visualization, nlp, machine learning, tensorflow, sql, pytorch, feature engineering, statistics. Familiar with tools such as docker, jupyter notebook. Education, Bachelor of Science, graduated with distinction.",Data Science
"UI UX Designer with 7 years of experience. Created wireframes and prototypes before moving into visual design. Key skills include adobe xd, photoshop, bootstrap, react, ux research, figma. Familiar with tools such as vs code, adobe xd, figma. Education, Bachelor of Engineering.",Web Designing
"Software Engineer with 2 years of experience. Developed and maintained scalable web applications for enterprise clients. Key skills include system design, data structures, object oriented programming, python, microservices, rest api, react, java. Familiar with tools such as aws, postman, jenkins. Education, Diploma in relevant discipline.",Software Development
"Sales Executive with 4 years of experience. Consistently exceeded monthly sales targets through strong client relationships. Key skills include market research, negotiation, cold calling, target achievement, b2b sales, sales forecasting, customer retention. Familiar with tools such as zoho crm, salesforce. Education, Bachelor of Science, graduated with distinction.",Sales
"Data Analyst Intern with 1 years of experience. Experienced in cleaning large datasets and turning them into useful insights. Key skills include machine learning, tensorflow, scikit learn, deep learning, pytorch, nlp, data visualization. Familiar with tools such as power bi, jupyter notebook, git. Education, Master of Business Administration.",Data Science
"Front End Developer with 8 years of experience. Designed clean and responsive websites focused on good user experience. Key skills include javascript, adobe xd, ux research, bootstrap, photoshop. Familiar with tools such as vs code, adobe xd. Education, Bachelor of Technology in relevant field.",Web Designing
"Sales Executive with 4 years of experience. Managed a portfolio of key accounts and handled contract renewals. Key skills include crm, negotiation, cold calling, customer retention, market research, lead generation, client relationship management, target achievement. Familiar with tools such as excel, zoho crm, salesforce, hubspot. Education, Bachelor of Engineering.",Sales
"Full Stack Developer with 3 years of experience. Built REST APIs and integrated them with front end applications. Key skills include javascript, data structures, object oriented programming, c++, java, algorithms, microservices, rest api. Familiar with tools such as jenkins, git, docker, aws. Education, Diploma in relevant discipline.",Software Development
"Data Scientist with 1 years of experience. Worked on classification and regression problems for real world applications. Key skills include statistics, nlp, data visualization, pytorch, pandas, python, scikit learn. Familiar with tools such as power bi, docker, jupyter notebook, git. Education, Bachelor of Engineering.",Data Science
"Full Stack Developer with 4 years of experience. Wrote clean and testable code while collaborating with cross functional teams. Key skills include react, system design, algorithms, java, python, node js. Familiar with tools such as docker, aws, postman, git. Education, Bachelor of Technology in relevant field.",Software Development
"Talent Acquisition Specialist with 8 years of experience. Handled employee onboarding, engagement activities and grievance redressal. Key skills include conflict resolution, labor law, hr policies, recruitment, payroll, employee engagement, onboarding, performance management. Familiar with tools such as excel, workday, linkedin recruiter. Education, Bachelor of Science, graduated with distinction.",Human Resources
"Full Stack Developer with 5 years of experience. Developed and maintained scalable web applications for enterprise clients. Key skills include system design, node js, c++, algorithms, react, object oriented programming, data structures, microservices. Familiar with tools such as git, aws, postman, jenkins. Education, Bachelor of Technology in relevant field.",Software Development
"Full Stack Developer with 3 years of experience. Wrote clean and testable code while collaborating with cross functional teams. Key skills include algorithms, microservices, c++, system design, python, java, react, node js. Familiar with tools such as git, postman, aws. Education, Bachelor of Technology in relevant field.",Software Development
"Data Analyst Intern with 6 years of experience. Worked on classification and regression problems for real world applications. Key skills include scikit learn, numpy, statistics, data visualization, python, nlp, sql, pytorch. Familiar with tools such as tableau, git, power bi. Education, Bachelor of Engineering.",Data Science
"UI UX Designer with 2 years of experience. Designed clean and responsive websites focused on good user experience. Key skills include ui design, figma, adobe xd, ux research, bootstrap, javascript. Familiar with tools such as git, adobe xd, figma. Education, Bachelor of Engineering.",Web Designing
"UI UX Designer with 2 years of experience. Created wireframes and prototypes before moving into visual design. Key skills include bootstrap, adobe xd, figma, responsive design, photoshop. Familiar with tools such as git, vs code, figma, adobe xd. Education, Bachelor of Science, graduated with distinction.",Web Designing
"Software Engineer with 7 years of experience. Wrote clean and testable code while collaborating with cross functional teams. Key skills include microservices, system design, c++, data structures, java, node js, javascript, python. Familiar with tools such as docker, git, postman. Education, Master of Business Administration.",Software Development
"Data Scientist with 1 years of experience. Worked on classification and regression problems for real world applications. Key skills include numpy, data visualization, python, machine learning, statistics, nlp, tensorflow, pytorch. Familiar with tools such as power bi, tableau, jupyter notebook, git. Education, Bachelor of Engineering.",Data Science
"Data Scientist with 1 years of experience. Built predictive models to solve business problems using structured and unstructured data. Key skills include deep learning, numpy, pytorch, machine learning, feature engineering. Familiar with tools such as git, docker, power bi, jupyter notebook. Education, Bachelor of Science, graduated with distinction.",Data Science
"Mechanical Engineer with 8 years of experience. Prepared detailed technical drawings for manufacturing teams. Key skills include six sigma, autocad, project planning, quality control, manufacturing processes, root cause analysis. Familiar with tools such as autocad, solidworks, ms project. Education, Bachelor of Engineering.",Mechanical Engineering
"Account Manager with 1 years of experience. Consistently exceeded monthly sales targets through strong client relationships. Key skills include customer retention, b2b sales, lead generation, negotiation, sales forecasting. Familiar with tools such as hubspot, zoho crm. Education, Master of Business Administration.",Sales
"Talent Acquisition Specialist with 7 years of experience. Managed end to end recruitment cycles for multiple departments. Key skills include payroll, performance management, hr policies, employee relations, talent acquisition, recruitment, labor law, conflict resolution. Familiar with tools such as sap successfactors, excel, workday, linkedin recruiter. Education, Bachelor of Technology in relevant field.",Human Resources
"HR Generalist with 6 years of experience. Managed end to end recruitment cycles for multiple departments. Key skills include performance management, talent acquisition, payroll, onboarding, employee relations, employee engagement, hr policies. Familiar with tools such as excel, sap successfactors. Education, Diploma in relevant discipline.",Human Resources
"UI UX Designer with 3 years of experience. Designed clean and responsive websites focused on good user experience. Key skills include bootstrap, javascript, css, responsive design, ui design, wireframing, photoshop. Familiar with tools such as figma, vs code, adobe xd. Education, Bachelor of Science, graduated with distinction.",Web Designing
"HR Executive with 6 years of experience. Handled employee onboarding, engagement activities and grievance redressal. Key skills include employee relations, labor law, payroll, performance management, employee engagement. Familiar with tools such as linkedin recruiter, excel, sap successfactors, workday. Education, Bachelor of Engineering.",Human Resources
"Account Manager with 7 years of experience. Managed a portfolio of key accounts and handled contract renewals. Key skills include negotiation, market research, target achievement, b2b sales, crm, cold calling, customer retention. Familiar with tools such as excel, salesforce. Education, Bachelor of Science, graduated with distinction.",Sales
"Backend Developer with 3 years of experience. Built REST APIs and integrated them with front end applications. Key skills include node js, python, react, microservices, object oriented programming. Familiar with tools such as docker, aws, jenkins. Education, Bachelor of Science, graduated with distinction.",Software Development
"Web Designer with 2 years of experience. Designed clean and responsive websites focused on good user experience. Key skills include javascript, html, ui design, react, ux research, wireframing, bootstrap, adobe xd. Familiar with tools such as adobe xd, figma, git. Education, Master of Business Administration.",Web Designing
"HR Executive with 7 years of experience. Handled employee onboarding, engagement activities and grievance redressal. Key skills include hr policies, onboarding, labor law, recruitment, employee relations, payroll, employee engagement. Familiar with tools such as workday, linkedin recruiter, excel. Education, Diploma in relevant discipline.",Human Resources
"Web Designer with 7 years of experience. Designed clean and responsive websites focused on good user experience. Key skills include html, css, ui design, figma, wireframing, responsive design. Familiar with tools such as git, vs code, adobe xd, figma. Education, Bachelor of Technology in relevant field.",Web Designing
"Account Manager with 6 years of experience. Consistently exceeded monthly sales targets through strong client relationships. Key skills include target achievement, market research, client relationship management, crm, sales forecasting, customer retention, b2b sales, cold calling. Familiar with tools such as excel, salesforce. Education, Bachelor of Science, graduated with distinction.",Sales
"Front End Developer with 4 years of experience. Designed clean and responsive websites focused on good user experience. Key skills include adobe xd, react, figma, ui design, css. Familiar with tools such as adobe xd, git. Education, Bachelor of Technology in relevant field.",Web Designing
"Machine Learning Engineer with 4 years of experience. Experienced in cleaning large datasets and turning them into useful insights. Key skills include sql, machine learning, pytorch, statistics, scikit learn, deep learning, nlp, python. Familiar with tools such as jupyter notebook, power bi. Education, Bachelor of Technology in relevant field.",Data Science
"Web Designer with 6 years of experience. Designed clean and responsive websites focused on good user experience. Key skills include photoshop, ux research, ui design, html, javascript, figma. Familiar with tools such as figma, adobe xd, git. Education, Master of Business Administration.",Web Designing
"Sales Executive with 2 years of experience. Consistently exceeded monthly sales targets through strong client relationships. Key skills include target achievement, sales forecasting, client relationship management, b2b sales, customer retention. Familiar with tools such as zoho crm, hubspot. Education, Master of Business Administration.",Sales
"Front End Developer with 3 years of experience. Created wireframes and prototypes before moving into visual design. Key skills include photoshop, wireframing, adobe xd, react, ui design, responsive design, ux research, bootstrap. Familiar with tools such as adobe xd, figma, git, vs code. Education, Bachelor of Science, graduated with distinction.",Web Designing
"Production Engineer with 7 years of experience. Prepared detailed technical drawings for manufacturing teams. Key skills include autocad, root cause analysis, quality control, solidworks, thermodynamics, manufacturing processes. Familiar with tools such as ms project, autocad, ansys. Education, Diploma in relevant discipline.",Mechanical Engineering
"Backend Developer with 2 years of experience. Built REST APIs and integrated them with front end applications. Key skills include c++, object oriented programming, node js, algorithms, react, rest api. Familiar with tools such as jenkins, postman. Education, Master of Business Administration.",Software Development
"Data Analyst Intern with 3 years of experience. Experienced in cleaning large datasets and turning them into useful insights. Key skills include scikit learn, nlp, statistics, tensorflow, python. Familiar with tools such as tableau, git, jupyter notebook, docker. Education, Bachelor of Technology in relevant field.",Data Science
"Backend Developer with 7 years of experience. Built REST APIs and integrated them with front end applications. Key skills include java, c++, javascript, rest api, node js, python, data structures, object oriented programming. Familiar with tools such as aws, git, docker. Education, Master of Business Administration.",Software Development
"Business Development Associate with 1 years of experience. Generated new business leads and converted them into long term clients. Key skills include target achievement, b2b sales, lead generation, cold calling, crm, market research, client relationship management, sales forecasting. Familiar with tools such as hubspot, zoho crm. Education, Bachelor of Science, graduated with distinction.",Sales
"Mechanical Engineer with 8 years of experience. Designed mechanical components and validated them using simulation tools. Key skills include autocad, cad modeling, solidworks, six sigma, product design. Familiar with tools such as solidworks, autocad, ms project, ansys. Education, Master of Business Administration.",Mechanical Engineering
"HR Executive with 7 years of experience. Handled employee onboarding, engagement activities and grievance redressal. Key skills include employee relations, hr policies, onboarding, employee engagement, talent acquisition, payroll, recruitment, labor law. Familiar with tools such as sap successfactors, workday, excel. Education, Diploma in relevant discipline.",Human Resources
"Data Analyst Intern with 5 years of experience. Experienced in cleaning large datasets and turning them into useful insights. Key skills include sql, tensorflow, data visualization, statistics, machine learning, python, deep learning, nlp. Familiar with tools such as docker, power bi. Education, Bachelor of Technology in relevant field.",Data Science
"HR Generalist with 8 years of experience. Managed end to end recruitment cycles for multiple departments. Key skills include recruitment, onboarding, conflict resolution, employee relations, hr policies, payroll. Familiar with tools such as sap successfactors, workday. Education, Diploma in relevant discipline.",Human Resources
"Data Analyst Intern with 8 years of experience. Worked on classification and regression problems for real world applications. Key skills include sql, python, numpy, nlp, feature engineering, tensorflow. Familiar with tools such as git, power bi, tableau. Education, Bachelor of Engineering.",Data Science
"Data Analyst Intern with 1 years of experience. Experienced in cleaning large datasets and turning them into useful insights. Key skills include python, feature engineering, machine learning, scikit learn, tensorflow. Familiar with tools such as jupyter notebook, docker. Education, Bachelor of Technology in relevant field.",Data Science
"Sales Executive with 3 years of experience. Generated new business leads and converted them into long term clients. Key skills include negotiation, lead generation, target achievement, crm, market research, client relationship management, cold calling. Familiar with tools such as salesforce, excel, zoho crm, hubspot. Education, Bachelor of Technology in relevant field.",Sales
"Sales Executive with 4 years of experience. Consistently exceeded monthly sales targets through strong client relationships. Key skills include target achievement, crm, b2b sales, sales forecasting, cold calling. Familiar with tools such as excel, hubspot, zoho crm. Education, Master of Business Administration.",Sales
"Account Manager with 1 years of experience. Generated new business leads and converted them into long term clients. Key skills include market research, target achievement, crm, customer retention, client relationship management, b2b sales. Familiar with tools such as excel, zoho crm. Education, Bachelor of Engineering.",Sales
"Production Engineer with 2 years of experience. Prepared detailed technical drawings for manufacturing teams. Key skills include root cause analysis, thermodynamics, project planning, six sigma, quality control. Familiar with tools such as ansys, autocad, ms project. Education, Bachelor of Engineering.",Mechanical Engineering
"HR Generalist with 8 years of experience. Handled employee onboarding, engagement activities and grievance redressal. Key skills include employee engagement, conflict resolution, recruitment, payroll, hr policies, performance management. Familiar with tools such as excel, sap successfactors, workday. Education, Master of Business Administration.",Human Resources
"Sales Executive with 8 years of experience. Consistently exceeded monthly sales targets through strong client relationships. Key skills include market research, negotiation, target achievement, cold calling, client relationship management, b2b sales, crm, customer retention. Familiar with tools such as zoho crm, hubspot. Education, Master of Business Administration.",Sales
"Full Stack Developer with 2 years of experience. Wrote clean and testable code while collaborating with cross functional teams. Key skills include system design, react, rest api, object oriented programming, data structures, java, microservices, algorithms. Familiar with tools such as jenkins, git. Education, Master of Business Administration.",Software Development
"HR Executive with 8 years of experience. Coordinated with department heads to plan hiring and workforce needs. Key skills include payroll, onboarding, recruitment, hr policies, labor law, employee engagement, performance management. Familiar with tools such as workday, sap successfactors, excel, linkedin recruiter. Education, Master of Business Administration.",Human Resources
"Design Engineer with 8 years of experience. Designed mechanical components and validated them using simulation tools. Key skills include manufacturing processes, project planning, quality control, thermodynamics, root cause analysis, autocad, product design, six sigma. Familiar with tools such as autocad, solidworks. Education, Bachelor of Engineering.",Mechanical Engineering
"Account Manager with 2 years of experience. Consistently exceeded monthly sales targets through strong client relationships. Key skills include cold calling, customer retention, target achievement, crm, negotiation. Familiar with tools such as salesforce, excel, zoho crm. Education, Diploma in relevant discipline.",Sales
"Business Development Associate with 1 years of experience. Managed a portfolio of key accounts and handled contract renewals. Key skills include market research, client relationship management, sales forecasting, crm, cold calling, customer retention, lead generation, target achievement. Familiar with tools such as zoho crm, salesforce. Education, Bachelor of Engineering.",Sales
"Business Development Associate with 5 years of experience. Managed a portfolio of key accounts and handled contract renewals. Key skills include client relationship management, sales forecasting, b2b sales, customer retention, crm, negotiation, cold calling, target achievement. Familiar with tools such as salesforce, hubspot, excel. Education, Bachelor of Science, graduated with distinction.",Sales
"Talent Acquisition Specialist with 5 years of experience. Coordinated with department heads to plan hiring and workforce needs. Key skills include recruitment, performance management, conflict resolution, employee relations, onboarding, hr policies. Familiar with tools such as sap successfactors, linkedin recruiter, workday. Education, Master of Business Administration.",Human Resources
"HR Executive with 4 years of experience. Coordinated with department heads to plan hiring and workforce needs. Key skills include hr policies, conflict resolution, employee engagement, talent acquisition, payroll. Familiar with tools such as sap successfactors, linkedin recruiter, excel. Education, Diploma in relevant discipline.",Human Resources
"Business Development Associate with 7 years of experience. Generated new business leads and converted them into long term clients. Key skills include b2b sales, crm, target achievement, market research, customer retention, sales forecasting, client relationship management. Familiar with tools such as excel, zoho crm, salesforce. Education, Bachelor of Science, graduated with distinction.",Sales
"Sales Executive with 3 years of experience. Generated new business leads and converted them into long term clients. Key skills include client relationship management, lead generation, market research, b2b sales, crm, cold calling, target achievement. Familiar with tools such as excel, salesforce. Education, Bachelor of Technology in relevant field.",Sales
"Web Designer with 3 years of experience. Designed clean and responsive websites focused on good user experience. Key skills include responsive design, html, css, javascript, react, ux research, wireframing. Familiar with tools such as git, adobe xd, figma. Education, Bachelor of Technology in relevant field.",Web Designing
"Backend Developer with 6 years of experience. Wrote clean and testable code while collaborating with cross functional teams. Key skills include rest api, algorithms, java, system design, microservices, c++. Familiar with tools such as jenkins, docker. Education, Bachelor of Science, graduated with distinction.",Software Development
"HR Generalist with 5 years of experience. Handled employee onboarding, engagement activities and grievance redressal. Key skills include recruitment, onboarding, performance management, talent acquisition, conflict resolution, employee engagement, labor law. Familiar with tools such as workday, linkedin recruiter, excel. Education, Bachelor of Technology in relevant field.",Human Resources
"UI UX Designer with 1 years of experience. Worked closely with developers to turn design mockups into working pages. Key skills include react, bootstrap, adobe xd, figma, javascript, photoshop, css. Familiar with tools such as vs code, git. Education, Bachelor of Science, graduated with distinction.",Web Designing
"Account Manager with 3 years of experience. Managed a portfolio of key accounts and handled contract renewals. Key skills include client relationship management, market research, customer retention, negotiation, target achievement, crm, b2b sales, cold calling. Familiar with tools such as hubspot, salesforce. Education, Bachelor of Technology in relevant field.",Sales
"Full Stack Developer with 7 years of experience. Built REST APIs and integrated them with front end applications. Key skills include c++, microservices, data structures, rest api, java. Familiar with tools such as git, aws. Education, Bachelor of Science, graduated with distinction.",Software Development
"Backend Developer with 8 years of experience. Built REST APIs and integrated them with front end applications. Key skills include object oriented programming, javascript, data structures, python, react, algorithms, node js, microservices. Familiar with tools such as postman, aws. Education, Bachelor of Technology in relevant field.",Software Development
"Machine Learning Engineer with 7 years of experience. Built predictive models to solve business problems using structured and unstructured data. Key skills include tensorflow, machine learning, data visualization, pytorch, nlp. Familiar with tools such as tableau, jupyter notebook, docker. Education, Bachelor of Technology in relevant field.",Data Science
"Account Manager with 6 years of experience. Managed a portfolio of key accounts and handled contract renewals. Key skills include crm, b2b sales, cold calling, market research, sales forecasting, client relationship management, target achievement, lead generation. Familiar with tools such as salesforce, zoho crm, hubspot. Education, Bachelor of Technology in relevant field.",Sales
"Account Manager with 5 years of experience. Consistently exceeded monthly sales targets through strong client relationships. Key skills include negotiation, market research, client relationship management, target achievement, sales forecasting. Familiar with tools such as salesforce, hubspot, excel. Education, Master of Business Administration.",Sales
"Account Manager with 2 years of experience. Managed a portfolio of key accounts and handled contract renewals. Key skills include client relationship management, b2b sales, customer retention, sales forecasting, cold calling, target achievement, crm, negotiation. Familiar with tools such as excel, zoho crm. Education, Bachelor of Technology in relevant field.",Sales
"Production Engineer with 3 years of experience. Worked on the production floor to improve process efficiency and reduce waste. Key skills include product design, root cause analysis, six sigma, autocad, cad modeling, project planning. Familiar with tools such as ms project, solidworks, ansys. Education, Bachelor of Science, graduated with distinction.",Mechanical Engineering
"Design Engineer with 6 years of experience. Prepared detailed technical drawings for manufacturing teams. Key skills include autocad, quality control, solidworks, root cause analysis, manufacturing processes. Familiar with tools such as ansys, ms project, solidworks, autocad. Education, Diploma in relevant discipline.",Mechanical Engineering
"Front End Developer with 1 years of experience. Created wireframes and prototypes before moving into visual design. Key skills include css, photoshop, wireframing, figma, ux research, bootstrap, adobe xd, javascript. Familiar with tools such as figma, adobe xd, git, vs code. Education, Bachelor of Engineering.",Web Designing
"Design Engineer with 3 years of experience. Prepared detailed technical drawings for manufacturing teams. Key skills include root cause analysis, manufacturing processes, cad modeling, solidworks, six sigma. Familiar with tools such as ansys, solidworks, ms project. Education, Bachelor of Technology in relevant field.",Mechanical Engineering
"Mechanical Engineer with 6 years of experience. Designed mechanical components and validated them using simulation tools. Key skills include solidworks, cad modeling, manufacturing processes, thermodynamics, quality control, six sigma, project planning, product design. Familiar with tools such as ms project, ansys, solidworks. Education, Bachelor of Science, graduated with distinction.",Mechanical Engineering
"Front End Developer with 6 years of experience. Created wireframes and prototypes before moving into visual design. Key skills include javascript, wireframing, css, ux research, html, figma. Familiar with tools such as git, figma, vs code. Education, Bachelor of Technology in relevant field.",Web Designing
"Talent Acquisition Specialist with 6 years of experience. Managed end to end recruitment cycles for multiple departments. Key skills include labor law, hr policies, employee relations, conflict resolution, performance management, employee engagement, onboarding, recruitment. Familiar with tools such as workday, linkedin recruiter, excel. Education, Bachelor of Science, graduated with distinction.",Human Resources
"Mechanical Engineer with 3 years of experience. Prepared detailed technical drawings for manufacturing teams. Key skills include project planning, thermodynamics, root cause analysis, quality control, solidworks, product design. Familiar with tools such as solidworks, autocad. Education, Master of Business Administration.",Mechanical Engineering
"Design Engineer with 7 years of experience. Worked on the production floor to improve process efficiency and reduce waste. Key skills include quality control, manufacturing processes, product design, root cause analysis, project planning, solidworks, six sigma. Familiar with tools such as ansys, solidworks, autocad. Education, Bachelor of Science, graduated with distinction.",Mechanical Engineering
"Mechanical Engineer with 7 years of experience. Prepared detailed technical drawings for manufacturing teams. Key skills include autocad, root cause analysis, cad modeling, quality control, solidworks, six sigma, product design, thermodynamics. Familiar with tools such as ansys, ms project. Education, Bachelor of Engineering.",Mechanical Engineering
"Business Development Associate with 5 years of experience. Managed a portfolio of key accounts and handled contract renewals. Key skills include market research, negotiation, cold calling, target achievement, client relationship management, lead generation. Familiar with tools such as excel, zoho crm, hubspot, salesforce. Education, Master of Business Administration.",Sales
"Front End Developer with 5 years of experience. Designed clean and responsive websites focused on good user experience. Key skills include photoshop, react, responsive design, javascript, css. Familiar with tools such as figma, git, vs code, adobe xd. Education, Diploma in relevant discipline.",Web Designing
"Backend Developer with 7 years of experience. Built REST APIs and integrated them with front end applications. Key skills include react, python, javascript, microservices, node js, rest api, algorithms, c++. Familiar with tools such as git, jenkins, docker. Education, Diploma in relevant discipline.",Software Development
"Data Scientist with 5 years of experience. Experienced in cleaning large datasets and turning them into useful insights. Key skills include scikit learn, feature engineering, data visualization, machine learning, statistics, tensorflow. Familiar with tools such as tableau, power bi. Education, Bachelor of Science, graduated with distinction.",Data Science
"Design Engineer with 5 years of experience. Designed mechanical components and validated them using simulation tools. Key skills include root cause analysis, product design, quality control, six sigma, thermodynamics. Familiar with tools such as autocad, ansys, solidworks, ms project. Education, Diploma in relevant discipline.",Mechanical Engineering
"UI UX Designer with 5 years of experience. Worked closely with developers to turn design mockups into working pages. Key skills include html, react, bootstrap, figma, wireframing, ui design. Familiar with tools such as git, figma, vs code. Education, Bachelor of Engineering.",Web Designing
"Backend Developer with 7 years of experience. Wrote clean and testable code while collaborating with cross functional teams. Key skills include react, java, c++, microservices, system design. Familiar with tools such as docker, postman, git, jenkins. Education, Bachelor of Technology in relevant field.",Software Development
"Machine Learning Engineer with 3 years of experience. Experienced in cleaning large datasets and turning them into useful insights. Key skills include python, deep learning, machine learning, sql, tensorflow, scikit learn, data visualization, pandas. Familiar with tools such as git, docker, jupyter notebook. Education, Diploma in relevant discipline.",Data Science
"HR Generalist with 6 years of experience. Coordinated with department heads to plan hiring and workforce needs. Key skills include labor law, recruitment, onboarding, payroll, employee engagement. Familiar with tools such as linkedin recruiter, workday, excel. Education, Diploma in relevant discipline.",Human Resources
"Design Engineer with 6 years of experience. Prepared detailed technical drawings for manufacturing teams. Key skills include solidworks, manufacturing processes, cad modeling, product design, six sigma, autocad. Familiar with tools such as autocad, ansys, ms project, solidworks. Education, Bachelor of Science, graduated with distinction.",Mechanical Engineering
"Data Scientist with 8 years of experience. Worked on classification and regression problems for real world applications. Key skills include pytorch, tensorflow, feature engineering, statistics, deep learning, machine learning, pandas, nlp. Familiar with tools such as power bi, tableau, git, docker. Education, Master of Business Administration.",Data Science
"Front End Developer with 4 years of experience. Designed clean and responsive websites focused on good user experience. Key skills include wireframing, photoshop, css, adobe xd, react. Familiar with tools such as vs code, figma. Education, Master of Business Administration.",Web Designing
"HR Generalist with 1 years of experience. Managed end to end recruitment cycles for multiple departments. Key skills include onboarding, conflict resolution, hr policies, labor law, employee relations, performance management. Familiar with tools such as sap successfactors, workday, linkedin recruiter. Education, Bachelor of Technology in relevant field.",Human Resources
"Machine Learning Engineer with 7 years of experience. Worked on classification and regression problems for real world applications. Key skills include pandas, machine learning, numpy, tensorflow, feature engineering. Familiar with tools such as jupyter notebook, git. Education, Master of Business Administration.",Data Science
"Business Development Associate with 7 years of experience. Managed a portfolio of key accounts and handled contract renewals. Key skills include customer retention, target achievement, b2b sales, client relationship management, cold calling, market research, sales forecasting. Familiar with tools such as zoho crm, hubspot, salesforce, excel. Education, Diploma in relevant discipline.",Sales
"Sales Executive with 5 years of experience. Generated new business leads and converted them into long term clients. Key skills include negotiation, client relationship management, lead generation, crm, customer retention, b2b sales, target achievement. Familiar with tools such as excel, zoho crm, hubspot. Education, Bachelor of Science, graduated with distinction.",Sales
"UI UX Designer with 3 years of experience. Created wireframes and prototypes before moving into visual design. Key skills include css, ux research, photoshop, ui design, react, figma. Familiar with tools such as adobe xd, vs code, git, figma. Education, Bachelor of Science, graduated with distinction.",Web Designing
"Sales Executive with 4 years of experience. Generated new business leads and converted them into long term clients. Key skills include crm, negotiation, lead generation, sales forecasting, market research, cold calling. Familiar with tools such as zoho crm, salesforce, excel. Education, Bachelor of Science, graduated with distinction.",Sales
"Machine Learning Engineer with 3 years of experience. Worked on classification and regression problems for real world applications. Key skills include pytorch, pandas, machine learning, statistics, nlp, sql, numpy. Familiar with tools such as power bi, tableau, jupyter notebook. Education, Diploma in relevant discipline.",Data Science
"Sales Executive with 2 years of experience. Generated new business leads and converted them into long term clients. Key skills include target achievement, crm, market research, lead generation, cold calling, sales forecasting, client relationship management, b2b sales. Familiar with tools such as salesforce, zoho crm, hubspot. Education, Master of Business Administration.",Sales
"Data Scientist with 6 years of experience. Experienced in cleaning large datasets and turning them into useful insights. Key skills include numpy, tensorflow, statistics, python, sql, feature engineering, data visualization, deep learning. Familiar with tools such as tableau, git, jupyter notebook. Education, Diploma in relevant discipline.",Data Science
"UI UX Designer with 7 years of experience. Worked closely with developers to turn design mockups into working pages. Key skills include photoshop, react, css, figma, responsive design, bootstrap, wireframing, ui design. Familiar with tools such as git, figma, vs code, adobe xd. Education, Bachelor of Engineering.",Web Designing
"Software Engineer with 2 years of experience. Developed and maintained scalable web applications for enterprise clients. Key skills include object oriented programming, node js, python, algorithms, react, java, rest api, c++. Familiar with tools such as docker, aws, git. Education, Master of Business Administration.",Software Development
"Data Analyst Intern with 7 years of experience. Worked on classification and regression problems for real world applications. Key skills include scikit learn, pytorch, data visualization, sql, feature engineering, numpy, statistics. Familiar with tools such as tableau, power bi. Education, Diploma in relevant discipline.",Data Science
"Data Analyst Intern with 8 years of experience. Experienced in cleaning large datasets and turning them into useful insights. Key skills include tensorflow, feature engineering, statistics, sql, pytorch, data visualization, pandas, deep learning. Familiar with tools such as git, power bi, jupyter notebook. Education, Bachelor of Engineering.",Data Science
"Design Engineer with 8 years of experience. Worked on the production floor to improve process efficiency and reduce waste. Key skills include project planning, thermodynamics, solidworks, product design, cad modeling, six sigma. Familiar with tools such as solidworks, ansys. Education, Diploma in relevant discipline.",Mechanical Engineering
"Software Engineer with 8 years of experience. Developed and maintained scalable web applications for enterprise clients. Key skills include object oriented programming, data structures, microservices, rest api, java, algorithms. Familiar with tools such as docker, jenkins, git. Education, Diploma in relevant discipline.",Software Development
"Account Manager with 3 years of experience. Consistently exceeded monthly sales targets through strong client relationships. Key skills include sales forecasting, lead generation, client relationship management, customer retention, negotiation. Familiar with tools such as salesforce, excel, zoho crm, hubspot. Education, Bachelor of Engineering.",Sales
"Data Analyst Intern with 6 years of experience. Built predictive models to solve business problems using structured and unstructured data. Key skills include tensorflow, statistics, numpy, sql, pytorch, python, feature engineering. Familiar with tools such as jupyter notebook, power bi, docker. Education, Bachelor of Technology in relevant field.",Data Science
"Talent Acquisition Specialist with 6 years of experience. Coordinated with department heads to plan hiring and workforce needs. Key skills include recruitment, employee relations, talent acquisition, payroll, conflict resolution. Familiar with tools such as sap successfactors, linkedin recruiter, workday. Education, Master of Business Administration.",Human Resources
"Production Engineer with 2 years of experience. Worked on the production floor to improve process efficiency and reduce waste. Key skills include thermodynamics, quality control, six sigma, project planning, root cause analysis, manufacturing processes, solidworks. Familiar with tools such as solidworks, autocad. Education, Bachelor of Science, graduated with distinction.",Mechanical Engineering
"Design Engineer with 8 years of experience. Designed mechanical components and validated them using simulation tools. Key skills include root cause analysis, cad modeling, quality control, six sigma, autocad, manufacturing processes, thermodynamics, project planning. Familiar with tools such as ms project, solidworks, autocad. Education, Master of Business Administration.",Mechanical Engineering
"Front End Developer with 7 years of experience. Worked closely with developers to turn design mockups into working pages. Key skills include bootstrap, react, html, adobe xd, ux research, ui design. Familiar with tools such as git, vs code. Education, Bachelor of Science, graduated with distinction.",Web Designing
"Front End Developer with 5 years of experience. Created wireframes and prototypes before moving into visual design. Key skills include ui design, html, bootstrap, adobe xd, wireframing, javascript, figma. Familiar with tools such as figma, vs code, git, adobe xd. Education, Master of Business Administration.",Web Designing
"Sales Executive with 4 years of experience. Managed a portfolio of key accounts and handled contract renewals. Key skills include customer retention, client relationship management, negotiation, target achievement, cold calling, lead generation, b2b sales. Familiar with tools such as hubspot, excel, salesforce, zoho crm. Education, Master of Business Administration.",Sales
"Production Engineer with 4 years of experience. Prepared detailed technical drawings for manufacturing teams. Key skills include thermodynamics, autocad, cad modeling, product design, quality control, solidworks, project planning, root cause analysis. Familiar with tools such as ms project, ansys, solidworks. Education, Diploma in relevant discipline.",Mechanical Engineering
"Front End Developer with 4 years of experience. Created wireframes and prototypes before moving into visual design. Key skills include bootstrap, javascript, html, react, ui design, adobe xd, photoshop, ux research. Familiar with tools such as git, adobe xd, vs code, figma. Education, Bachelor of Engineering.",Web Designing
"Design Engineer with 8 years of experience. Worked on the production floor to improve process efficiency and reduce waste. Key skills include cad modeling, solidworks, quality control, six sigma, project planning. Familiar with tools such as solidworks, ansys, autocad, ms project. Education, Bachelor of Engineering.",Mechanical Engineering
"Machine Learning Engineer with 3 years of experience. Built predictive models to solve business problems using structured and unstructured data. Key skills include feature engineering, statistics, deep learning, pytorch, data visualization, machine learning, numpy, sql. Familiar with tools such as jupyter notebook, tableau. Education, Bachelor of Engineering.",Data Science
"Software Engineer with 2 years of experience. Wrote clean and testable code while collaborating with cross functional teams. Key skills include java, rest api, microservices, javascript, algorithms, react, object oriented programming. Familiar with tools such as git, postman, docker, jenkins. Education, Bachelor of Science, graduated with distinction.",Software Development
"UI UX Designer with 8 years of experience. Created wireframes and prototypes before moving into visual design. Key skills include ux research, javascript, react, css, wireframing. Familiar with tools such as figma, adobe xd, git, vs code. Education, Diploma in relevant discipline.",Web Designing
"Data Analyst Intern with 4 years of experience. Experienced in cleaning large datasets and turning them into useful insights. Key skills include pandas, tensorflow, pytorch, python, numpy, statistics, sql, machine learning. Familiar with tools such as jupyter notebook, tableau, docker. Education, Bachelor of Engineering.",Data Science
"Backend Developer with 7 years of experience. Wrote clean and testable code while collaborating with cross functional teams. Key skills include microservices, java, object oriented programming, c++, python, algorithms, node js. Familiar with tools such as postman, docker, aws. Education, Diploma in relevant discipline.",Software Development
"Data Scientist with 8 years of experience. Experienced in cleaning large datasets and turning them into useful insights. Key skills include scikit learn, pandas, data visualization, statistics, feature engineering, python, deep learning, machine learning. Familiar with tools such as jupyter notebook, tableau. Education, Diploma in relevant discipline.",Data Science
"Full Stack Developer with 6 years of experience. Wrote clean and testable code while collaborating with cross functional teams. Key skills include rest api, object oriented programming, data structures, algorithms, python, react. Familiar with tools such as jenkins, git, postman, docker. Education, Master of Business Administration.",Software Development
"Software Engineer with 7 years of experience. Wrote clean and testable code while collaborating with cross functional teams. Key skills include object oriented programming, system design, node js, data structures, rest api, javascript, c++, java. Familiar with tools such as docker, postman, git, aws. Education, Diploma in relevant discipline.",Software Development
"Data Scientist with 3 years of experience. Built predictive models to solve business problems using structured and unstructured data. Key skills include machine learning, numpy, data visualization, statistics, nlp, python, deep learning. Familiar with tools such as power bi, jupyter notebook, git, tableau. Education, Bachelor of Engineering.",Data Science
"Data Scientist with 2 years of experience. Worked on classification and regression problems for real world applications. Key skills include data visualization, tensorflow, pandas, nlp, sql, scikit learn. Familiar with tools such as git, docker, tableau, jupyter notebook. Education, Bachelor of Technology in relevant field.",Data Science
"Design Engineer with 1 years of experience. Worked on the production floor to improve process efficiency and reduce waste. Key skills include product design, project planning, autocad, solidworks, thermodynamics, quality control. Familiar with tools such as ansys, solidworks. Education, Bachelor of Engineering.",Mechanical Engineering
"UI UX Designer with 1 years of experience. Worked closely with developers to turn design mockups into working pages. Key skills include html, figma, react, javascript, photoshop, ui design, bootstrap, adobe xd. Familiar with tools such as adobe xd, figma, vs code, git. Education, Master of Business Administration.",Web Designing
"Data Analyst Intern with 6 years of experience. Experienced in cleaning large datasets and turning them into useful insights. Key skills include pytorch, feature engineering, data visualization, nlp, python, pandas, numpy, tensorflow. Familiar with tools such as tableau, power bi, git. Education, Diploma in relevant discipline.",Data Science
"Machine Learning Engineer with 8 years of experience. Worked on classification and regression problems for real world applications. Key skills include numpy, scikit learn, nlp, statistics, pandas. Familiar with tools such as jupyter notebook, git. Education, Bachelor of Engineering.",Data Science
"Talent Acquisition Specialist with 6 years of experience. Handled employee onboarding, engagement activities and grievance redressal. Key skills include payroll, onboarding, talent acquisition, labor law, hr policies, performance management. Familiar with tools such as sap successfactors, linkedin recruiter, workday, excel. Education, Diploma in relevant discipline.",Human Resources
"Design Engineer with 4 years of experience. Prepared detailed technical drawings for manufacturing teams. Key skills include root cause analysis, manufacturing processes, quality control, autocad, six sigma. Familiar with tools such as ansys, ms project, solidworks. Education, Diploma in relevant discipline.",Mechanical Engineering
"Sales Executive with 5 years of experience. Consistently exceeded monthly sales targets through strong client relationships. Key skills include customer retention, negotiation, b2b sales, target achievement, lead generation, crm, sales forecasting. Familiar with tools such as excel, salesforce. Education, Diploma in relevant discipline.",Sales
"Talent Acquisition Specialist with 4 years of experience. Managed end to end recruitment cycles for multiple departments. Key skills include performance management, hr policies, talent acquisition, payroll, recruitment, conflict resolution, employee relations. Familiar with tools such as excel, sap successfactors. Education, Bachelor of Engineering.",Human Resources
"HR Executive with 4 years of experience. Coordinated with department heads to plan hiring and workforce needs. Key skills include performance management, talent acquisition, payroll, onboarding, employee engagement, employee relations, hr policies, recruitment. Familiar with tools such as sap successfactors, workday. Education, Bachelor of Engineering.",Human Resources
"Production Engineer with 4 years of experience. Prepared detailed technical drawings for manufacturing teams. Key skills include product design, thermodynamics, solidworks, manufacturing processes, quality control, six sigma, project planning, autocad. Familiar with tools such as solidworks, ms project. Education, Bachelor of Technology in relevant field.",Mechanical Engineering
"Software Engineer with 5 years of experience. Built REST APIs and integrated them with front end applications. Key skills include java, algorithms, javascript, system design, python, react, rest api. Familiar with tools such as aws, docker, jenkins. Education, Diploma in relevant discipline.",Software Development
"Web Designer with 2 years of experience. Worked closely with developers to turn design mockups into working pages. Key skills include ui design, react, adobe xd, wireframing, bootstrap, responsive design, html. Familiar with tools such as adobe xd, vs code. Education, Diploma in relevant discipline.",Web Designing
"UI UX Designer with 4 years of experience. Designed clean and responsive websites focused on good user experience. Key skills include responsive design, photoshop, wireframing, ui design, react, css. Familiar with tools such as figma, adobe xd, vs code. Education, Bachelor of Science, graduated with distinction.",Web Designing
"Mechanical Engineer with 1 years of experience. Designed mechanical components and validated them using simulation tools. Key skills include solidworks, project planning, root cause analysis, product design, quality control, manufacturing processes, thermodynamics. Familiar with tools such as ansys, autocad. Education, Bachelor of Engineering.",Mechanical Engineering
"Front End Developer with 3 years of experience. Created wireframes and prototypes before moving into visual design. Key skills include react, css, html, photoshop, bootstrap. Familiar with tools such as vs code, adobe xd, figma. Education, Diploma in relevant discipline.",Web Designing
"Backend Developer with 8 years of experience. Developed and maintained scalable web applications for enterprise clients. Key skills include java, node js, data structures, rest api, object oriented programming, algorithms, system design, javascript. Familiar with tools such as git, postman, aws. Education, Bachelor of Engineering.",Software Development
